Model,MAE,MSE,R2
LinearRegression,80879.09723487175,10089009300.890953,0.9179971706834579
Ridge,80882.08068490674,10089716572.554758,0.91799142202412
Lasso,80879.15942634383,10089021397.171635,0.9179970723656538
RandomForest,94672.46651147716,14465132338.701965,0.8824283194875219
SVR,279212.7242489848,123219501896.69862,-0.001520315935481742
MLPRegressor,200903.99607230572,62679167743.59064,0.49054768997718334
XGBoost,96076.29387955746,14912750470.898375,0.8787901076275872
LightGBM,87681.38040878708,12313469588.940966,0.8999168981926512
